"Time (ms)","Centre de gravit√©"
"32","0"
"64","0.1739578"
"100","0.3869247"
"131","0.6465378"
"167","0.9129944"
"201","1.123161"
"232","1.238457"
"268","1.261742"
"300","1.218994"
"336","1.141808"
"367","1.062378"
"399","1.01461"
"434","1.035149"
"466","1.160347"
"502","1.415703"
"533","1.807999"
"566","2.343445"
"599","3.048523"
"633","3.943932"
"669","5.002693"
"700","6.152626"
"733","7.307953"
"767","8.393867"
"799","9.366302"
"834","10.2268"
"867","11.01102"
"900","11.75413"
"931","12.46146"
"965","13.10971"
"1000","13.68829"
"1034","14.23055"
"1066","14.79008"
"1100","15.40886"
"1131","16.1164"
"1165","16.93292"
"1198","17.85511"
"1232","18.83944"
"1265","19.8173"
"1298","20.73053"
"1332","21.53385"
"1363","22.17732"
"1398","22.62579"
"1431","22.88988"
"1462","23.01221"
"1497","23.02902"
"1531","22.95051"
"1564","22.76732"
"1598","22.47572"
"1631","22.10076"
"1666","21.68616"
"1701","21.26771"
"1730","20.87206"
"1763","20.51572"
"1798","20.18445"
"1831","19.82451"
"1866","19.33462"
"1897","18.556"
"1931","17.31008"
"1962","15.47459"
"1995","13.04816"
"2029","10.17734"
"2061","7.108536"
"2098","4.070786"
"2129","1.186172"
"2162","-1.529305"
"2196","-4.118904"
"2228","-6.635513"
"2263","-9.085831"
"2297","-11.41039"
"2329","-13.53089"
"2364","-15.39278"
"2396","-16.96634"
"2430","-18.24607"
"2461","-19.2527"
"2496","-20.02516"
"2528","-20.60391"
"2559","-21.01787"
"2595","-21.28322"
"2628","-21.40637"
"2662","-21.40138"
"2696","-21.30125"
"2728","-21.12839"
"2762","-20.86993"
"2794","-20.50203"
"2830","-20.02849"
"2861","-19.48927"
"2895","-18.93951"
"2927","-18.42601"
"2959","-17.9834"
"2993","-17.65437"
"3025","-17.49229"
"3058","-17.52522"
"3095","-17.72544"
"3126","-18.01254"
"3161","-18.29113"
"3193","-18.50099"
"3228","-18.63123"
"3260","-18.69754"
"3294","-18.72"
"3326","-18.71465"
"3361","-18.69404"
"3393","-18.67318"
"3426","-18.67656"
"3459","-18.74057"
"3494","-18.90569"
"3525","-19.19444"
"3558","-19.58904"
"3591","-20.0385"
"3626","-20.4837"
"3660","-20.86241"
"3693","-21.11574"
"3727","-21.21329"
"3761","-21.15952"
"3793","-20.97763"
"3827","-20.70711"
"3863","-20.40936"
"3891","-20.14502"
"3926","-19.9328"
"3959","-19.74258"
"3993","-19.5278"
"4024","-19.26518"
"4056","-18.97763"
"4093","-18.71593"
"4122","-18.51379"
"4159","-18.37038"
"4193","-18.26904"
"4225","-18.19946"
"4258","-18.16988"
"4292","-18.2104"
"4327","-18.36556"
"4360","-18.67185"
"4393","-19.13191"
"4428","-19.71342"
"4459","-20.37073"
"4490","-21.0605"
"4523","-21.7442"
"4559","-22.38626"
"4593","-22.95633"
"4625","-23.44119"
"4657","-23.8528"
"4691","-24.20285"
"4724","-24.46173"
"4768","-24.5654"
"4791","-24.45378"
"4824","-24.05569"
"4859","-23.24048"
"4890","-21.83603"
"4923","-19.71701"
"4957","-16.88989"
"4993","-13.50923"
"5024","-9.806747"
"5057","-5.996651"
"5090","-2.221313"
"5123","1.454567"
"5155","5.001892"
"5187","8.372398"
"5222","11.48935"
"5256","14.27636"
"5287","16.68803"
"5321","18.72176"
"5357","20.40259"
"5391","21.75967"
"5422","22.8087"
"5456","23.55261"
"5490","24.01196"
"5522","24.24902"
"5555","24.35051"
"5590","24.39322"
"5621","24.42663"
"5656","24.47235"
"5687","24.52886"
"5720","24.57589"
"5754","24.57703"
"5789","24.48247"
"5822","24.23711"
"5856","23.80236"
"5887","23.18563"
"5922","22.43841"
"5954","21.61076"
"5988","20.72029"
"6021","19.75615"
"6054","18.68078"
"6086","17.44773"
"6120","16.05539"
"6154","14.57564"
"6188","13.11289"
"6220","11.73679"
"6257","10.45364"
"6286","9.217155"
"6322","7.957001"
"6358","6.628883"
"6387","5.246117"
"6421","3.853706"
"6453","2.495026"
"6485","1.210968"
"6518","0.04477692"
"6552","-0.9703217"
"6585","-1.828461"
"6620","-2.545128"
"6654","-3.131027"
"6686","-3.579155"
"6719","-3.880066"
"6752","-4.047829"
"6785","-4.124451"
"6822","-4.160812"
"6851","-4.199455"
"6884","-4.266396"
"6920","-4.365166"
"6952","-4.469444"
"6986","-4.529602"
"7019","-4.510544"
"7050","-4.416946"
"7086","-4.264793"
"7117","-4.052063"
"7150","-3.775101"
"7185","-3.454887"
"7218","-3.124374"
"7254","-2.792763"
"7285","-2.447601"
"7319","-2.089363"
"7353","-1.732979"
"7384","-1.378525"
"7417","-1.01532"
"7452","-0.6567078"
"7485","-0.3397675"
"7520","-0.08883667"
"7550","0.09638214"
"7585","0.2164383"
"7619","0.2611008"
"7653","0.2416687"
"7684","0.216301"
"7717","0.2589264"
"7753","0.4141617"
"7784","0.6745071"
"7819","0.972435"
"7850","1.206512"
"7885","1.296249"
"7918","1.213036"
"7957","0.981102"
"7986","0.6695404"
"8017","0.3589478"
"8051","0.09169769"
"8083","-0.1418304"
"8114","-0.3741226"
"8150","-0.6213379"
"8182","-0.8617859"
"8216","-1.059166"
"8251","-1.211746"
"8283","-1.367706"
"8314","-1.59684"
"8350","-1.950783"
"8382","-2.435097"
"8418","-3.012566"
"8450","-3.62989"
"8482","-4.239662"
"8514","-4.811821"
"8548","-5.344208"
"8582","-5.862076"
"8614","-6.392525"
"8650","-6.942276"
"8682","-7.505501"
"8715","-8.083382"
"8750","-8.684059"
"8782","-9.288177"
"8815","-9.830521"
"8849","-10.24876"
"8883","-10.54119"
"8916","-10.7626"
"8946","-10.97929"
"8981","-11.22552"
"9016","-11.48195"
"9047","-11.69884"
"9081","-11.8453"
"9113","-11.9273"
"9149","-11.96835"
"9180","-11.98814"
"9217","-11.99285"
"9247","-11.97353"
"9279","-11.90967"
"9314","-11.77637"
"9346","-11.55589"
"9379","-11.25645"
"9415","-10.92791"
"9445","-10.64664"
"9482","-10.48251"
"9514","-10.49743"
"9546","-10.77122"
"9580","-11.4051"
"9613","-12.48584"
"9649","-14.0391"
"9680","-16.00514"
"9713","-18.25278"
"9746","-20.62918"
"9779","-23.01906"
"9813","-25.37451"
"9846","-27.6902"
"9884","-29.9536"
"9911","-32.12297"
"9946","-34.1194"
"9980","-35.82573"
"10012","-37.13933"
"10044","-38.04407"
"10077","-38.60304"
"10111","-38.88148"
"10146","-38.90826"
"10179","-38.71114"
"10210","-38.35068"
"10246","-37.89941"
"10278","-37.40753"
"10315","-36.90628"
"10345","-36.42087"
"10377","-35.97021"
"10410","-35.58046"
"10443","-35.29082"
"10481","-35.13103"
"10511","-35.11314"
"10544","-35.24651"
"10578","-35.53915"
"10610","-35.98572"
"10645","-36.57379"
"10678","-37.30798"
"10711","-38.21826"
"10746","-39.33611"
"10776","-40.65237"
"10810","-42.10114"
"10845","-43.58809"
"10876","-45.01244"
"10914","-46.26816"
"10943","-47.2746"
"10978","-48.02118"
"11010","-48.55838"
"11043","-48.93983"
"11077","-49.19093"
"11108","-49.32628"
"11144","-49.36145"
"11177","-49.30164"
"11210","-49.13747"
"11241","-48.86133"
"11277","-48.48671"
"11308","-48.03928"
"11341","-47.53529"
"11377","-46.99034"
"11408","-46.43619"
"11442","-45.91139"
"11477","-45.4389"
"11509","-45.01768"
"11542","-44.63824"
"11576","-44.28766"
"11612","-43.9313"
"11641","-43.52304"
"11674","-43.04631"
"11706","-42.52762"
"11743","-42.01337"
"11774","-41.54236"
"11809","-41.13747"
"11841","-40.82195"
"11875","-40.62251"
"11910","-40.54335"
"11941","-40.55766"
"11975","-40.62775"
"12008","-40.72211"
"12040","-40.81987"
"12074","-40.90938"
"12107","-40.9852"
"12142","-41.04533"
"12174","-41.08864"
"12206","-41.11237"
"12243","-41.10973"
"12276","-41.06813"
"12306","-40.96919"
"12341","-40.79248"
"12373","-40.52756"
"12407","-40.19359"
"12439","-39.85229"
"12475","-39.59764"
"12506","-39.51778"
"12539","-39.64403"
"12574","-39.92595"
"12608","-40.25526"
"12640","-40.52026"
"12675","-40.65164"
"12707","-40.62894"
"12741","-40.46007"
"12773","-40.17316"
"12808","-39.81941"
"12839","-39.45277"
"12874","-39.09775"
"12906","-38.75667"
"12938","-38.44547"
"12973","-38.19151"
"13006","-37.99646"
"13042","-37.8235"
"13072","-37.6203"
"13105","-37.34726"
"13140","-37.00433"
"13174","-36.64888"
"13206","-36.37498"
"13238","-36.26312"
"13270","-36.34689"
"13306","-36.61345"
"13340","-37.03348"
"13371","-37.59126"
"13405","-38.25502"
"13439","-38.89682"
"13472","-39.25684"
"13505","-39.00444"
"13537","-37.85355"
"13571","-35.65857"
"13603","-32.43269"
"13639","-28.30762"
"13672","-23.52292"
"13704","-18.44691"
"13738","-13.53704"
"13773","-9.211128"
"13805","-5.723366"
"13838","-3.147415"
"13869","-1.439034"
"13905","-0.4904404"
"13934","-0.1742783"
"13972","-0.3928375"
"14003","-1.072281"
"14038","-2.103645"
"14071","-3.327141"
"14104","-4.572617"
"14138","-5.699089"
"14170","-6.612213"
"14203","-7.266701"
"14236","-7.667473"
"14270","-7.86515"
"14301","-7.930939"
"14334","-7.926308"
"14367","-7.890457"
"14402","-7.843834"
"14435","-7.795898"
"14469","-7.750542"
"14502","-7.709671"
"14540","-7.678123"
"14570","-7.669632"
"14605","-7.708466"
"14636","-7.819496"
"14668","-8.002258"
"14701","-8.206947"
"14735","-8.351463"
"14769","-8.37278"
"14802","-8.25708"
"14834","-8.039398"
"14867","-7.79277"
"14900","-7.592491"
"14934","-7.467453"
"14968","-7.389519"
"15002","-7.303055"
"15035","-7.160316"
"15069","-6.952766"
"15101","-6.729332"
"15135","-6.570694"
"15169","-6.528908"
"15199","-6.587662"
"15235","-6.670433"
"15267","-6.700447"
"15301","-6.675102"
"15333","-6.666756"
"15365","-6.750923"
"15399","-6.950409"
"15431","-7.230324"
"15465","-7.535667"
"15501","-7.840881"
"15535","-8.157463"
"15566","-8.494766"
"15597","-8.825066"
"15634","-9.096962"
"15668","-9.278877"
"15701","-9.373726"
"15734","-9.397522"
"15766","-9.358406"
"15800","-9.251633"
"15833","-9.068802"
"15867","-8.820465"
"15900","-8.555122"
"15932","-8.341255"
"15966","-8.224472"
"15999","-8.213501"
"16031","-8.299057"
"16066","-8.468124"
"16098","-8.699303"
"16133","-8.958755"
"16168","-9.215569"
"16197","-9.449501"
"16233","-9.642677"
"16267","-9.79203"
"16299","-9.928177"
"16337","-10.1104"
"16364","-10.40931"
"16398","-10.87779"
"16431","-11.51091"
"16465","-12.23994"
"16497","-12.98032"
"16532","-13.67513"
"16568","-14.29828"
"16597","-14.84646"
"16634","-15.34286"
"16667","-15.83639"
"16698","-16.3758"
"16731","-16.98492"
"16762","-17.66354"
"16798","-18.39309"
"16832","-19.13121"
"16862","-19.81589"
"16897","-20.40152"
"16929","-20.8864"
"16964","-21.29102"
"16998","-21.64111"
"17029","-21.98438"
"17064","-22.38234"
"17096","-22.86911"
"17131","-23.43346"
"17166","-24.03429"
"17197","-24.61902"
"17229","-25.13649"
"17263","-25.55246"
"17296","-25.86151"
"17331","-26.06981"
"17362","-26.16454"
"17397","-26.1347"
"17428","-26.02873"
"17463","-25.95189"
"17497","-25.99791"
"17529","-26.19629"
"17561","-26.50407"
"17595","-26.83556"
"17629","-27.10744"
"17662","-27.265"
"17695","-27.3018"
"17730","-27.26521"
"17761","-27.21626"
"17796","-27.18863"
"17829","-27.18742"
"17860","-27.20395"
"17896","-27.22647"
"17927","-27.24709"
"17962","-27.26581"
"17994","-27.2921"
"18026","-27.34299"
"18061","-27.43587"
"18093","-27.57448"
"18131","-27.7289"
"18164","-27.82889"
"18194","-27.80745"
"18228","-27.66739"
"18261","-27.48097"
"18295","-27.3264"
"18329","-27.25157"
"18359","-27.2836"
"18394","-27.44066"
"18428","-27.72446"
"18462","-28.10809"
"18496","-28.55083"
"18528","-29.02402"
"18563","-29.50639"
"18594","-29.97304"
"18628","-30.40031"
"18660","-30.75868"
"18695","-31.01381"
"18727","-31.15585"
"18759","-31.21251"
"18793","-31.23189"
"18828","-31.26559"
"18860","-31.35989"
"18893","-31.54616"
"18925","-31.82253"
"18960","-32.13857"
"18993","-32.4147"
"19026","-32.58623"
"19063","-32.62001"
"19092","-32.5016"
"19126","-32.23239"
"19159","-31.83708"
"19191","-31.34685"
"19225","-30.77316"
"19258","-30.11914"
"19294","-29.41057"
"19327","-28.71077"
"19360","-28.11029"
"19393","-27.68018"
"19426","-27.42702"
"19459","-27.3037"
"19492","-27.25163"
"19528","-27.22919"
"19557","-27.21999"
"19589","-27.2317"
"19625","-27.28966"
"19658","-27.42558"
"19691","-27.659"
"19723","-27.98384"
"19759","-28.38782"
"19793","-28.88489"
"19826","-29.51224"
"19856","-30.30576"
"19890","-31.28035"
"19925","-32.41112"
"19959","-33.6331"
"19988","-34.86472"
"20023","-36.03102"
"20056","-37.08276"
"20088","-38.007"
"20122","-38.80829"
"20154","-39.48445"
"20191","-40.04376"
"20223","-40.52792"
"20256","-40.99051"
"20289","-41.47296"
"20322","-41.99995"
"20354","-42.55563"
"20391","-43.07162"
"20423","-43.47864"
"20457","-43.76724"
"20490","-43.98801"
"20523","-44.211"
"20557","-44.48535"
"20589","-44.81613"
"20622","-45.17734"
"20658","-45.53867"
"20688","-45.86418"
"20722","-46.11281"
"20753","-46.26614"
"20790","-46.33902"
"20822","-46.35818"
"20855","-46.34131"
"20892","-46.28905"
"20923","-46.18745"
"20955","-46.01935"
"20990","-45.7851"
"21022","-45.51738"
"21055","-45.25896"
"21088","-45.01808"
"21121","-44.7606"
"21154","-44.44966"
"21187","-44.08565"
"21223","-43.70445"
"21254","-43.355"
"21288","-43.09879"
"21323","-43"
"21353","-43.07483"
"21388","-43.25795"
"21421","-43.43887"
"21455","-43.53131"
"21488","-43.51007"
"21520","-43.4138"
"21554","-43.33514"
"21588","-43.3739"
"21623","-43.57021"
"21655","-43.89909"
"21687","-44.3167"
"21720","-44.78065"
"21755","-45.25456"
"21787","-45.72018"
"21822","-46.16977"
"21853","-46.59622"
"21886","-46.99409"
"21918","-47.34116"
"21951","-47.5865"
"21988","-47.6736"
"22020","-47.5594"
"22054","-47.20541"
"22085","-46.54515"
"22120","-45.46678"
"22153","-43.87592"
"22185","-41.80847"
"22220","-39.47278"
"22254","-37.16141"
"22288","-35.11308"
"22318","-33.45555"
"22352","-32.24663"
"22386","-31.51643"
"22418","-31.25209"
"22452","-31.37558"
"22486","-31.78589"
"22520","-32.42619"
"22551","-33.29024"
"22583","-34.39226"
"22617","-35.75433"
"22652","-37.38046"
"22685","-39.21284"
"22718","-41.11873"
"22748","-42.92142"
"22784","-44.46733"
"22818","-45.69144"
"22849","-46.62315"
"22883","-47.33275"
"22919","-47.8725"
"22954","-48.2536"
"22985","-48.46143"
"23016","-48.48241"
"23052","-48.31032"
"23084","-47.9384"
"23117","-47.3701"
"23149","-46.64656"
"23181","-45.84744"
"23216","-45.0524"
"23249","-44.31496"
"23285","-43.67365"
"23317","-43.16605"
"23349","-42.81953"
"23383","-42.63051"
"23416","-42.56235"
"23453","-42.56371"
"23483","-42.58235"
"23516","-42.5713"
"23552","-42.49438"
"23585","-42.33382"
"23615","-42.08775"
"23650","-41.73677"
"23683","-41.20543"
"23715","-40.3698"
"23748","-39.10408"
"23782","-37.35373"
"23817","-35.21074"
"23848","-32.88637"
"23882","-30.57385"
"23914","-28.35559"
"23949","-26.22392"
"23982","-24.14177"
"24016","-22.08566"
"24050","-20.05739"
"24081","-18.05825"
"24117","-16.07481"
"24148","-14.11949"
"24181","-12.26259"
"24214","-10.59428"
"24252","-9.171272"
"24282","-8.011261"
"24314","-7.108925"
"24347","-6.437927"
"24380","-5.952492"
"24416","-5.590668"
"24448","-5.272125"
"24481","-4.917236"
"24514","-4.484581"
"24547","-3.981628"
"24578","-3.446655"
"24612","-2.931519"
"24648","-2.486214"
"24680","-2.133659"
"24714","-1.850273"
"24747","-1.582275"
"24780","-1.291977"
"24813","-0.9888763"
"24846","-0.7107849"
"24885","-0.4786148"
"24914","-0.2787628"
"24949","-0.07788849"
"24980","0.1552048"
"25012","0.4242096"
"25047","0.689949"
"25079","0.8951263"
"25114","1.010239"
"25146","1.045738"
"25179","1.029541"
"25213","0.9869995"
"25246","0.9342499"
"25282","0.8774567"
"25313","0.8137207"
"25345","0.7335739"
"25379","0.6266556"
"25415","0.4895935"
"25447","0.3341141"
"25481","0.1811142"
"25515","0.03122711"
"25544","-0.1381073"
"25578","-0.3230286"
"25612","-0.4729462"
"25645","-0.5320511"
"25679","-0.4712677"
"25711","-0.2876358"
"25744","-0.004806519"
"25779","0.325119"
"25812","0.6480942"
"25843","0.9491425"
"25879","1.255814"
"25909","1.598778"
"25943","1.976433"
"25979","2.36454"
"26010","2.750824"
"26044","3.133842"
"26077","3.491959"
"26111","3.786018"
"26145","3.993843"
"26177","4.120773"
"26211","4.180557"
"26243","4.179878"
"26278","4.115417"
"26309","3.976875"
"26341","3.754578"
"26376","3.453537"
"26409","3.101349"
"26444","2.726555"
"26478","2.326035"
"26508","1.872208"
"26544","1.351707"
"26578","0.7829361"
"26611","0.2019119"
"26642","-0.3610001"
"26676","-0.8893204"
"26708","-1.360176"
"26741","-1.730644"
"26779","-1.955612"
"26810","-2.003166"
"26841","-1.854134"
"26876","-1.507286"
"26908","-0.9889297"
"26943","-0.3451385"
"26975","0.3797684"
"27008","1.153893"
"27042","1.952904"
"27072","2.746864"
"27107","3.482132"
"27140","4.078323"
"27174","4.461319"
"27208","4.596985"
"27239","4.483841"
"27276","4.13562"
"27307","3.583092"
"27340","2.871857"
"27373","2.052246"
"27405","1.171692"
"27441","0.2612915"
"27473","-0.6625214"
"27504","-1.574112"
"27541","-2.438072"
"27573","-3.240845"
"27607","-4.015907"
"27640","-4.827927"
"27672","-5.720512"
"27706","-6.682442"
"27739","-7.667366"
"27773","-8.641449"
"27808","-9.613228"
"27839","-10.61432"
"27873","-11.65329"
"27906","-12.70189"
"27942","-13.72703"
"27973","-14.72173"
"28006","-15.68609"
"28042","-16.58209"
"28074","-17.3388"
"28106","-17.90273"
"28140","-18.26332"
"28174","-18.44823"
"28208","-18.51213"
"28238","-18.51389"
"28271","-18.49315"
"28305","-18.46474"
"28336","-18.42326"
"28371","-18.34818"
"28406","-18.20958"
"28441","-17.97748"
"28475","-17.64069"
"28506","-17.22484"
"28539","-16.78104"
"28573","-16.35815"
"28606","-15.99794"
"28638","-15.73193"
"28671","-15.56128"
"28703","-15.45834"
"28738","-15.39257"
"28771","-15.34723"
"28805","-15.32063"
"28837","-15.32301"
"28871","-15.37315"
"28904","-15.49448"
"28938","-15.70731"
"28971","-16.01191"
"29004","-16.37525"
"29038","-16.75136"
"29069","-17.12106"
"29106","-17.49414"
"29138","-17.87838"
"29170","-18.2753"
"29204","-18.69846"
"29237","-19.1703"
"29272","-19.7142"
"29303","-20.35211"
"29336","-21.07593"
"29372","-21.82379"
"29402","-22.50543"
"29437","-23.03696"
"29470","-23.35703"
"29503","-23.43785"
"29538","-23.2832"
"29569","-22.91904"
"29604","-22.39209"
"29637","-21.7587"
"29669","-21.06148"
"29701","-20.31728"
"29734","-19.52116"
"29768","-18.66086"
"29804","-17.74194"
"29834","-16.81206"
"29869","-15.94955"
"29899","-15.22076"
"29936","-14.65729"
"29970","-14.26043"
"30003","-14.00674"
"30036","-13.86407"
"30068","-13.82027"
"30101","-13.90018"
"30136","-14.16054"
"30169","-14.66225"
"30206","-15.43"
"30234","-16.43373"
"30268","-17.61318"
"30301","-18.9187"
"30335","-20.33487"
"30370","-21.87918"
"30401","-23.57808"
"30439","-25.42265"
"30468","-27.33025"
"30500","-29.16534"
"30535","-30.8015"
"30567","-32.14088"
"30601","-33.0995"
"30637","-33.61369"
"30666","-33.65048"
"30703","-33.21169"
"30732","-32.35814"
"30767","-31.22028"
"30802","-29.94904"
"30834","-28.64394"
"30868","-27.31696"
"30899","-25.91119"
"30935","-24.36974"
"30967","-22.68649"
"31001","-20.86511"
"31034","-18.85757"
"31066","-16.59174"
"31099","-14.05133"
"31134","-11.31262"
"31167","-8.514572"
"31200","-5.807961"
"31235","-3.333603"
"31268","-1.217056"
"31299","0.4609146"
"31331","1.70121"
"31366","2.583061"
"31400","3.218849"
"31431","3.711784"
"31465","4.134651"
"31498","4.513382"
"31532","4.834831"
"31565","5.084991"
"31599","5.266533"
"31633","5.383194"
"31665","5.425789"
"31698","5.37204"
"31731","5.194122"
"31765","4.873169"
"31796","4.412582"
"31829","3.828903"
"31865","3.126785"
"31898","2.289764"
"31932","1.299469"
"31964","0.1641464"
"32001","-1.077316"
"32031","-2.378456"
"32063","-3.707825"
"32099","-5.05941"
"32130","-6.453049"
"32162","-7.924522"
"32196","-9.505188"
"32232","-11.19193"
"32266","-12.92245"
"32296","-14.5874"
"32330","-16.07083"
"32364","-17.27467"
"32397","-18.12917"
"32430","-18.61298"
"32463","-18.75815"
"32497","-18.62146"
"32531","-18.25958"
"32562","-17.72932"
"32598","-17.08482"
"32630","-16.36294"
"32661","-15.57811"
"32698","-14.73285"
"32730","-13.82656"
"32764","-12.85033"
"32796","-11.79616"
"32828","-10.6881"
"32861","-9.58709"
"32894","-8.558968"
"32930","-7.637337"
"32962","-6.801407"
"32994","-5.986084"
"33029","-5.121239"
"33061","-4.178497"
"33099","-3.205589"
"33130","-2.32254"
"33162","-1.67292"
"33196","-1.354752"
"33228","-1.374123"
"33263","-1.66066"
"33296","-2.131409"
"33328","-2.733109"
"33361","-3.42868"
"33394","-4.18589"
"33428","-5.003548"
"33462","-5.91571"
"33493","-6.947037"
"33528","-8.091644"
"33562","-9.351257"
"33596","-10.75391"
"33628","-12.29926"
"33660","-13.91319"
"33695","-15.49226"
"33727","-16.97406"
"33763","-18.34571"
"33794","-19.60873"
"33826","-20.75288"
"33860","-21.76741"
"33894","-22.67987"
"33929","-23.55713"
"33962","-24.45067"
"33993","-25.36299"
"34027","-26.26299"
"34060","-27.11578"
"34096","-27.90846"
"34126","-28.6515"
"34159","-29.35419"
"34194","-30.00555"
"34225","-30.57521"
"34261","-31.02719"
"34292","-31.34354"
"34326","-31.54553"
"34360","-31.68997"
"34392","-31.84468"
"34425","-32.0667"
"34461","-32.38405"
"34493","-32.78329"
"34526","-33.22427"
"34559","-33.66582"
"34594","-34.06526"
"34625","-34.37633"
"34657","-34.56927"
"34692","-34.63686"
"34725","-34.57787"
"34758","-34.38734"
"34792","-34.06494"
"34826","-33.6281"
"34857","-33.10742"
"34889","-32.54321"
"34924","-32.00562"
"34959","-31.57985"
"34991","-31.2997"
"35024","-31.11684"
"35058","-30.92897"
"35092","-30.61447"
"35126","-30.06483"
"35156","-29.2309"
"35191","-28.15373"
"35224","-26.94014"
"35258","-25.71115"
"35293","-24.57324"
"35322","-23.60606"
"35357","-22.85178"
"35389","-22.31786"
"35422","-21.98618"
"35457","-21.81403"
"35490","-21.74451"
"35523","-21.72824"
"35557","-21.73174"
"35591","-21.7282"
"35624","-21.68834"
"35657","-21.58398"
"35690","-21.40096"
"35722","-21.15486"
"35759","-20.89774"
"35789","-20.69125"
"35821","-20.56416"
"35855","-20.5045"
"35887","-20.48636"
"35923","-20.49228"
"35957","-20.51961"
"35988","-20.57793"
"36022","-20.68094"
"36054","-20.83162"
"36090","-20.99713"
"36121","-21.0889"
"36155","-20.98817"
"36189","-20.61925"
"36220","-20.00322"
"36259","-19.23285"
"36291","-18.39515"
"36320","-17.53275"
"36356","-16.66589"
"36387","-15.81004"
"36423","-14.97133"
"36456","-14.15724"
"36488","-13.38993"
"36523","-12.68956"
"36554","-12.05428"
"36587","-11.46447"
"36621","-10.89448"
"36653","-10.321"
"36687","-9.726563"
"36723","-9.094353"
"36755","-8.410278"
"36787","-7.685921"
"36822","-6.969337"
"36855","-6.315834"
"36884","-5.750572"
"36921","-5.267899"
"36956","-4.861496"
"36988","-4.531258"
"37019","-4.259216"
"37052","-4.008659"
"37087","-3.759018"
"37119","-3.53138"
"37153","-3.368347"
"37188","-3.290329"
"37218","-3.284035"
"37252","-3.326103"
"37286","-3.405991"
"37319","-3.532837"
"37354","-3.725243"
"37384","-3.982193"
"37419","-4.254166"
"37453","-4.458519"
"37486","-4.533401"
"37519","-4.469254"
"37551","-4.307213"
"37586","-4.124992"
"37621","-4.008286"
"37650","-4.03054"
"37686","-4.242371"
"37719","-4.639633"
"37753","-5.145416"
"37787","-5.639503"
"37816","-6.012672"
"37853","-6.215553"
"37884","-6.265221"
"37919","-6.211639"
"37951","-6.105431"
"37984","-5.980461"
"38019","-5.848251"
"38050","-5.705292"
"38085","-5.546417"
"38118","-5.37294"
"38149","-5.194489"
"38183","-5.034576"
"38215","-4.945084"
"38252","-5.005905"
"38284","-5.268471"
"38316","-5.680389"
"38351","-6.109039"
"38382","-6.452789"
"38418","-6.697456"
"38452","-6.88636"
"38483","-7.075356"
"38517","-7.30085"
"38548","-7.55851"
"38583","-7.806259"
"38618","-7.997925"
"38650","-8.116188"
"38683","-8.173996"
"38715","-8.197098"
"38751","-8.211433"
"38783","-8.238998"
"38819","-8.296539"
"38850","-8.392761"
"38882","-8.52327"
"38915","-8.663162"
"38949","-8.762482"
"38982","-8.767647"
"39015","-8.666435"
"39049","-8.502556"
"39084","-8.339508"
"39117","-8.221024"
"39150","-8.161316"
"39183","-8.15403"
"39216","-8.183441"
"39250","-8.2332"
"39283","-8.291313"
"39315","-8.352509"
"39347","-8.420189"
"39381","-8.507362"
"39419","-8.634048"
"39449","-8.818901"
"39487","-9.061844"
"39515","-9.328728"
"39550","-9.565109"
"39582","-9.732101"
"39615","-9.821388"
"39647","-9.845032"
"39684","-9.829521"
"39717","-9.824615"
"39747","-9.902679"
"39781","-10.11855"
"39814","-10.4623"
"39850","-10.86238"
"39881","-11.23232"
"39916","-11.51457"
"39948","-11.68657"
"39979","-11.73721"
"40012","-11.65213"
"40048","-11.42522"
"40079","-11.07717"
"40114","-10.64419"
"40145","-10.14852"
"40179","-9.597862"
"40213","-8.999039"
"40249","-8.35482"
"40281","-7.659958"
"40313","-6.911049"
"40346","-6.110565"
"40379","-5.247643"
"40415","-4.290756"
"40448","-3.211937"
"40479","-1.998009"
"40512","-0.6511612"
"40546","0.7848358"
"40579","2.229034"
"40611","3.623116"
"40644","4.954201"
"40679","6.231712"
"40713","7.46788"
"40745","8.664352"
"40779","9.824806"
"40811","10.96101"
"40844","12.06348"
"40878","13.10649"
"40913","14.08388"
"40944","14.99668"
"40976","15.81282"
"41012","16.48441"
"41044","17.01221"
"41079","17.45529"
"41116","17.86519"
"41144","18.22676"
"41177","18.47802"
"41210","18.58643"
"41245","18.57372"
"41279","18.46373"
"41309","18.24435"
"41344","17.88913"
"41377","17.39862"
"41413","16.81143"
"41444","16.18256"
"41477","15.56264"
"41510","14.99186"
"41543","14.49616"
"41578","14.08739"
"41610","13.77962"
"41643","13.59196"
"41677","13.51796"
"41710","13.50221"
"41744","13.45553"
"41778","13.30222"
"41810","13.01653"
"41842","12.61468"
"41875","12.13457"
"41908","11.61657"
"41942","11.08284"
"41973","10.54199"
"42009","10.00455"
"42042","9.478462"
"42075","8.959709"
"42107","8.436974"
"42140","7.908813"
"42174","7.394661"
"42207","6.917786"
"42241","6.485138"
"42277","6.09713"
"42310","5.755013"
"42342","5.448929"
"42372","5.169937"
"42409","4.938904"
"42440","4.795174"
"42474","4.754784"
"42508","4.796196"
"42539","4.877739"
"42575","4.953613"
"42609","4.979317"
"42640","4.912537"
"42675","4.714279"
"42708","4.358376"
"42741","3.847084"
"42775","3.212166"
"42808","2.499435"
"42843","1.74279"
"42873","0.9244003"
"42906","-0.03042603"
"42938","-1.179825"
"42974","-2.491592"
"43008","-3.86235"
"43042","-5.192162"
"43074","-6.429535"
"43105","-7.566589"
"43141","-8.600304"
"43172","-9.499886"
"43205","-10.23026"
"43241","-10.79005"
"43273","-11.19564"
"43307","-11.45789"
"43339","-11.59735"
"43371","-11.65332"
"43405","-11.66618"
"43439","-11.66119"
"43473","-11.64344"
"43508","-11.59886"
"43538","-11.50028"
"43572","-11.32041"
"43605","-11.05624"
"43640","-10.75124"
"43671","-10.48073"
"43704","-10.3102"
"43737","-10.28102"
"43773","-10.42711"
"43807","-10.77936"
"43838","-11.35076"
"43871","-12.13029"
"43904","-13.08344"
"43939","-14.14576"
"43972","-15.23312"
"44005","-16.27876"
"44037","-17.26289"
"44072","-18.20013"
"44103","-19.10577"
"44135","-19.98714"
"44174","-20.84209"
"44205","-21.6479"
"44238","-22.37331"
"44271","-23.00128"
"44305","-23.53476"
"44337","-23.98717"
"44370","-24.35974"
"44405","-24.63701"
"44437","-24.81467"
"44471","-24.91309"
"44505","-24.96077"
"44535","-24.97726"
"44571","-24.96719"
"44604","-24.92029"
"44637","-24.81512"
"44669","-24.62881"
"44703","-24.35542"
"44737","-24.01935"
"44770","-23.65417"
"44802","-23.26375"
"44838","-22.80946"
"44870","-22.20964"
"44902","-21.34508"
"44934","-20.11465"
"44968","-18.51532"
"45006","-16.66423"
"45034","-14.7364"
"45070","-12.86163"
"45103","-11.06535"
"45137","-9.301949"
"45169","-7.531136"
"45202","-5.760757"
"45237","-4.044106"
"45270","-2.452179"
"45300","-1.033707"
"45336","0.205986"
"45367","1.298126"
"45404","2.299057"
"45441","3.266533"
"45472","4.2276"
"45504","5.18483"
"45535","6.151939"
"45568","7.154861"
"45602","8.19854"
